count0	codon	count1	score	SE	logratio	variance	mut_aa	wt_aa
1657	GGG	2.0	-6.492189518597688	0.6330155857162981	-6.492189518597688	0.40070873175974797	Gly	Glu
1428	ATG	2.0	-6.343504018208498	0.6330919747644262	-6.343504018208498	0.400805448511121	Met	Glu
1383	GCC	2.0	-6.311495595764651	0.6331099572671075	-6.311495595764651	0.4008282179907587	Ala	Glu
1237	GTG	6.0	-5.244460845953079	0.3933950281378827	-5.244460845953079	0.15475964816360552	Val	Glu
1090	GAG	18880.0	2.856078808346161	0.03279312052885832	2.856078808346161	0.001075388754020229	Glu	Glu
997	TAG	4.0	-5.396589280399569	0.4725781861208336	-5.396589280399569	0.22333014199725723	Stop	Glu
969	TCG	1.0	-6.466729894986368	0.8171924740789354	-6.466729894986368	0.6678035396912515	Ser	Glu
932	TGG	1.0	-6.427818571821632	0.8172175146403916	-6.427818571821632	0.6678444662350187	Trp	Glu
836	GAC	2.0	-5.80835031696455	0.6334831258776936	-5.80835031696455	0.4013008707717738	Asp	Glu
810	ACG	1.0	-6.287600761479392	0.8173162707718779	-6.287600761479392	0.6680058864684496	Thr	Glu
762	GCG	1.0	-6.226551928785228	0.8173637841168849	-6.226551928785228	0.6680835555858736	Ala	Glu
741	GTC	1.0	-6.198624581881647	0.81738650456374	-6.198624581881647	0.6681206978429289	Val	Glu
732	AGG	1.0	-6.186412761194884	0.8173966404930645	-6.186412761194884	0.6681372678893481	Arg	Glu
689	TGC	1.0	-6.125916117537018	0.8174487179630661	-6.125916117537018	0.6682224064994603	Cys	Glu
685	GGC	2.0	-5.609272295540039	0.633690936272826	-5.609272295540039	0.4015642027143308	Gly	Glu
583	AGC	1.0	-5.9589938720302715	0.8176098557590329	-5.9589938720302715	0.6684858762343066	Ser	Glu
463	TTG	2.0	-5.21793018154358	0.634241997042532	-5.21793018154358	0.40226291081249926	Leu	Glu
419	CAG	1.0	-5.6290129462109215	0.8180194804541623	-5.6290129462109215	0.6691558704024976	Gln	Glu
411	CTG	1.0	-5.609758440420785	0.8180478065696336	-5.609758440420785	0.6692022138333886	Leu	Glu
330	AAC	3.0	-4.543258219208198	0.5374434089574697	-4.543258219208198	0.288845417831826	Asn	Glu
301	CGC	1.0	-5.298719436470901	0.8185895368018357	-5.298719436470901	0.6700888297614438	Arg	Glu
293	TAC	1.0	-5.271827059571812	0.8186447551909138	-5.271827059571812	0.6701792352015912	Tyr	Glu
267	TTC	1.0	-5.179068986639722	0.8188469929926145	-5.179068986639722	0.6705103979330469	Phe	Glu
240	CGG	1.0	-5.072669509849477	0.8191032195847124	-5.072669509849477	0.6709300843340417	Arg	Glu
209	TCC	1.0	-4.934673159665853	0.8194787061698278	-4.934673159665853	0.671545349865775	Ser	Glu
189	CCC	1.0	-4.834338444826142	0.8197860239299757	-4.834338444826142	0.6720491250309187	Pro	Glu
133	ACC	1.0	-4.484050898143965	0.8211350174485055	-4.484050898143965	0.6742627168801574	Thr	Glu
119	ATC	1.0	-4.373265791675227	0.8216692041283145	-4.373265791675227	0.6751402810128576	Ile	Glu
97	CCG	1.0	-4.1698017983074624	0.8228174101417931	-4.1698017983074624	0.6770284904324477	Pro	Glu
12	AAG	3.0	-1.2683802042247123	0.6048303061385537	-1.2683802042247123	0.3658196992236566	Lys	Glu
1	GAA	nan	nan	nan	nan	nan	Glu	Glu
1	CTC	1.0	0.004585471588175238	1.1547461828656131	0.004585471588175238	1.333438746842704	Leu	Glu
1	CAC	1.0	0.004585471588175238	1.1547461828656131	0.004585471588175238	1.333438746842704	His	Glu
1	GGA	nan	nan	nan	nan	nan	Gly	Glu
