	score	SE	logratio	variance
_wt	2.3919168772237915	0.03219064481414008	2.3919168772237915	0.0010362376135501236
c.1G>A (p.Asp1Arg), c.2A>G (p.Asp1Arg), c.3T>G (p.Asp1Arg)	-7.498755864657091	0.8168953004169386	-7.498755864657091	0.6673179318432803
c.1G>A (p.Asp1Asn)	-0.46026476368589897	1.1547292462501817	-0.46026476368589897	1.3333996321455128
c.1G>A (p.Asp1Asn), c.3T>C (p.Asp1Asn)	-1.3075626240731033	0.9759340403906055	-1.3075626240731033	0.9524472511931319
c.1G>A (p.Asp1Ile), c.2A>T (p.Asp1Ile), c.3T>C (p.Asp1Ile)	-0.46026476368589897	1.1547292462501817	-0.46026476368589897	1.3333996321455128
c.1G>A (p.Asp1Lys), c.3T>G (p.Asp1Lys)	-7.403708885076544	0.8169310002334369	-7.403708885076544	0.6673762591424036
c.1G>A (p.Asp1Met), c.2A>T (p.Asp1Met), c.3T>G (p.Asp1Met)	-0.46026476368589897	1.1547292462501817	-0.46026476368589897	1.3333996321455128
c.1G>A (p.Asp1Ser), c.2A>G (p.Asp1Ser), c.3T>C (p.Asp1Ser)	-4.405077591937037	0.8244005041757907	-4.405077591937037	0.6796361912852978
c.1G>A (p.Asp1Thr), c.2A>C (p.Asp1Thr), c.3T>C (p.Asp1Thr)	-0.46026476368589897	1.1547292462501817	-0.46026476368589897	1.3333996321455128
c.1G>A (p.Asp1Thr), c.2A>C (p.Asp1Thr), c.3T>G (p.Asp1Thr)	-6.610867532132179	0.8174071382040149	-6.610867532132179	0.6681544295868774
c.1G>C (p.Asp1Arg), c.2A>G (p.Asp1Arg), c.3T>C (p.Asp1Arg)	-4.963771295897491	0.8210438717142856	-4.963771295897491	0.6741130392795842
c.1G>C (p.Asp1Arg), c.2A>G (p.Asp1Arg), c.3T>G (p.Asp1Arg)	-6.7876061320953305	0.8172662667137005	-6.7876061320953305	0.6679241507081494
c.1G>C (p.Asp1Gln), c.3T>G (p.Asp1Gln)	-7.125098863745152	0.8170574913856291	-7.125098863745152	0.6675829442293775
c.1G>C (p.Asp1His)	-0.46026476368589897	1.1547292462501817	-0.46026476368589897	1.3333996321455128
c.1G>C (p.Asp1His), c.3T>C (p.Asp1His)	-5.545801365955273	0.8190584086736747	-5.545801365955273	0.6708566768190524
c.1G>C (p.Asp1Leu), c.2A>T (p.Asp1Leu), c.3T>C (p.Asp1Leu)	-6.815793553164468	0.8172460113515665	-6.815793553164468	0.6678910430700448
c.1G>C (p.Asp1Leu), c.2A>T (p.Asp1Leu), c.3T>G (p.Asp1Leu)	-6.477234601202244	0.8175314433393155	-6.477234601202244	0.6683576608484644
c.1G>C (p.Asp1Pro), c.2A>C (p.Asp1Pro), c.3T>C (p.Asp1Pro)	-5.821556929395324	0.8184514988273162	-5.821556929395324	0.6698628559326804
c.1G>C (p.Asp1Pro), c.2A>C (p.Asp1Pro), c.3T>G (p.Asp1Pro)	-0.46026476368589897	1.1547292462501817	-0.46026476368589897	1.3333996321455128
c.1G>T (p.Asp1Cys), c.2A>G (p.Asp1Cys), c.3T>C (p.Asp1Cys)	-6.667512507701799	0.8173592532193985	-6.667512507701799	0.6680761488233727
c.1G>T (p.Asp1Leu), c.2A>T (p.Asp1Leu), c.3T>G (p.Asp1Leu)	-5.867436535146019	0.8183657508111333	-5.867436535146019	0.6697225021006699
c.1G>T (p.Asp1Phe), c.2A>T (p.Asp1Phe), c.3T>C (p.Asp1Phe)	-6.493350985484701	0.8175155573455637	-6.493350985484701	0.6683316865020277
c.1G>T (p.Asp1Ser), c.2A>C (p.Asp1Ser), c.3T>C (p.Asp1Ser)	-5.20519689204915	0.8200793052675586	-5.20519689204915	0.6725300669281216
c.1G>T (p.Asp1Ser), c.2A>C (p.Asp1Ser), c.3T>G (p.Asp1Ser)	-5.980391458535009	0.8181706377328256	-5.980391458535009	0.6694031924481386
c.1G>T (p.Asp1Ter), c.3T>G (p.Asp1Ter)	-4.804070185539583	0.8218217410952663	-4.804070185539583	0.6753909741368549
c.1G>T (p.Asp1Trp), c.2A>G (p.Asp1Trp), c.3T>G (p.Asp1Trp)	-7.860070511107693	0.8167867203166144	-7.860070511107693	0.6671405464855713
c.1G>T (p.Asp1Tyr), c.3T>C (p.Asp1Tyr)	0.3281925966783721	0.7628135293965107	0.3281925966783721	0.5818844806303614
c.2A>C (p.Asp1Ala), c.3T>C (p.Asp1Ala)	-7.229141043716918	0.8170060927073773	-7.229141043716918	0.6674989555209756
c.2A>C (p.Asp1Ala), c.3T>G (p.Asp1Ala)	-6.83642465741566	0.8172315433387265	-6.83642465741566	0.6678673954277968
c.2A>G (p.Asp1Gly), c.3T>C (p.Asp1Gly)	-6.263054280027751	0.4721858075318114	-6.263054280027751	0.2229594368344688
c.2A>G (p.Asp1Gly), c.3T>G (p.Asp1Gly)	-7.744399569881105	0.816817315363513	-7.744399569881105	0.6671905266776565
c.2A>T (p.Asp1Val), c.3T>C (p.Asp1Val)	-6.254584139393767	0.535397542000466	-6.254584139393767	0.28665052798014073
c.2A>T (p.Asp1Val), c.3T>G (p.Asp1Val)	-7.233726454884664	0.8170039480824063	-7.233726454884664	0.6674954511822393
c.3T>C (p.=)	1.8060934462632012	0.024439752656955326	1.8060934462632012	0.0005973015099331549
c.3T>G (p.Asp1Glu)	-3.187183449092492	0.5517899721012623	-3.187183449092492	0.30447217331151194
